{
  "x": -9.59309629,
  "y": 53.0830063,
  "spatialReference":{"wkid":4326}
}
