{
  "rings": [[[-9.59350122, 53.08320723], [-9.59345177, 53.08333534],
    [-9.59309789, 53.08327198], [-9.59300344, 53.08317992],
    [-9.59221827, 53.08304034], [-9.59220706, 53.08287782],
    [-9.59229486, 53.08280871], [-9.59236398, 53.08268915],
    [-9.59255263, 53.08256769], [-9.59265165, 53.08237906],
    [-9.59287552, 53.08241478], [-9.59292812, 53.0823012],
    [-9.5932294, 53.08235022], [-9.59342188, 53.08260009],
    [-9.59354382, 53.08238728], [-9.59365852, 53.08203535],
    [-9.59408443, 53.08210446], [-9.59448232, 53.08224456],
    [-9.5943609, 53.08243697], [-9.59458319, 53.08245939],
    [-9.59439639, 53.08264619], [-9.59433288, 53.0827975],
    [-9.59404707, 53.08323649], [-9.59350122, 53.08320723]]],
  "spatialReference":{"wkid":4326}
}