{
  "paths":[[[-9.59486423, 53.08169453], [-9.5947812, 53.08175431],
    [-9.59475464, 53.08189379], [-9.59494393, 53.08213622],
    [-9.59464173, 53.08240521], [-9.59413694, 53.08260115],
    [-9.59357903, 53.0829266], [-9.59335984, 53.08311589],
    [-9.59318051, 53.08316903], [-9.59301779, 53.08322216],
    [-9.59264252, 53.08370038], [-9.59250636, 53.08383986]]],
  "spatialReference":{"wkid":4326}
}
