{
  "paths":[[[-9.59400079, 53.08136244], [-9.59395761, 53.08149528],
    [-9.59368862, 53.0817045], [-9.59358235, 53.08219267],
    [-9.59331667, 53.08290335], [-9.59314398, 53.08314246],
    [-9.5930676, 53.08330519], [-9.59303439, 53.08351109],
    [-9.59301447, 53.08363728], [-9.59293809, 53.08387307]]],
  "spatialReference":{"wkid":4326}
}
