{
  "paths": [
    [
      [
        -117.19810659418077,
        34.057405229888325
      ],
      [
        -117.19814377275544,
        34.057211176001729
      ],
      [
        -117.19775710911107,
        34.057177293200773
      ],
      [
        -117.1973868388223,
        34.057255151357538
      ],
      [
        -117.19724927620958,
        34.057458446284997
      ],
      [
        -117.1973853161779,
        34.057553079922293
      ],
      [
        -117.19752637683034,
        34.057534135490592
      ],
      [
        -117.19771293355865,
        34.057471254533809
      ],
      [
        -117.19794672280628,
        34.057485315324428
      ],
      [
        -117.19810659418077,
        34.057405229888325
      ]
    ]
  ],
  "spatialReference": {
    "wkid": 102100,
    "latestWkid": 3857
  }
}
